{"cameraMode":{"drawMode":0,"name":"Shaded","section":"Shading Mode"},"sceneLighting":false,"audioPlay":false,"sceneViewState":{"showFog":true,"showMaterialUpdate":false,"showSkybox":false,"showFlares":true,"showImageEffects":true,"showParticleSystems":true},"in2DMode":false,"pivot":{"x":-1.055206298828125,"y":0.2786865234375,"z":-0.2987060546875},"rotation":{"x":0.2595529556274414,"y":-0.16131189465522767,"z":0.04402512311935425,"w":0.9511501789093018},"size":0.7276821136474609,"orthographic":true}