{"cameraMode":{"drawMode":0,"name":"Shaded","section":"Shading Mode"},"sceneLighting":false,"audioPlay":false,"sceneViewState":{"showFog":true,"showMaterialUpdate":false,"showSkybox":false,"showFlares":true,"showImageEffects":true,"showParticleSystems":true},"in2DMode":false,"pivot":{"x":0.03198918700218201,"y":0.16214999556541444,"z":0.07798105478286743},"rotation":{"x":0.2327658236026764,"y":-0.36795276403427126,"z":0.09567897766828537,"w":0.8951417803764343},"size":0.7901462912559509,"orthographic":true}