{"cameraMode":{"drawMode":0,"name":"Shaded","section":"Shading Mode"},"sceneLighting":false,"audioPlay":false,"sceneViewState":{"showFog":true,"showMaterialUpdate":false,"showSkybox":false,"showFlares":true,"showImageEffects":true,"showParticleSystems":true},"in2DMode":false,"pivot":{"x":-0.0000010757067911981722,"y":0.0000020086722543055659,"z":-0.000005757149210694479},"rotation":{"x":0.1619604229927063,"y":-0.23150652647018434,"z":0.039119429886341098,"w":0.9584630727767944},"size":0.7981031537055969,"orthographic":false}