{"cameraMode":{"drawMode":0,"name":"Shaded","section":"Shading Mode"},"sceneLighting":false,"audioPlay":false,"sceneViewState":{"showFog":true,"showMaterialUpdate":false,"showSkybox":false,"showFlares":true,"showImageEffects":true,"showParticleSystems":true},"in2DMode":false,"pivot":{"x":-0.14011931419372559,"y":0.34025484323501589,"z":-0.08556067943572998},"rotation":{"x":0.00006850542558822781,"y":0.9903903007507324,"z":-0.13845349848270417,"w":0.0006069510709494352},"size":0.6166304349899292,"orthographic":false}