{"cameraMode":{"drawMode":0,"name":"Shaded","section":"Shading Mode"},"sceneLighting":false,"audioPlay":false,"sceneViewState":{"showFog":true,"showMaterialUpdate":false,"showSkybox":false,"showFlares":true,"showImageEffects":true,"showParticleSystems":true},"in2DMode":false,"pivot":{"x":2.0205078125,"y":3.159942626953125,"z":-2.6328125},"rotation":{"x":0.011949459090828896,"y":0.09136641770601273,"z":-0.0010962546803057194,"w":0.9957461953163147},"size":11.897547721862793,"orthographic":true}