{"cameraMode":{"drawMode":0,"name":"Shaded","section":"Shading Mode"},"sceneLighting":false,"audioPlay":false,"sceneViewState":{"showFog":true,"showMaterialUpdate":false,"showSkybox":false,"showFlares":true,"showImageEffects":true,"showParticleSystems":true},"in2DMode":false,"pivot":{"x":0.47492098808288576,"y":0.06363308429718018,"z":0.40902286767959597},"rotation":{"x":0.09638385474681854,"y":0.8483911752700806,"z":-0.16571278870105744,"w":0.49344220757484438},"size":0.47600018978118899,"orthographic":true}