{"cameraMode":{"drawMode":0,"name":"Shaded","section":"Shading Mode"},"sceneLighting":false,"audioPlay":false,"sceneViewState":{"showFog":true,"showMaterialUpdate":false,"showSkybox":false,"showFlares":true,"showImageEffects":true,"showParticleSystems":true},"in2DMode":false,"pivot":{"x":-0.10700000822544098,"y":0.8217999935150147,"z":-0.07199999690055847},"rotation":{"x":0.0015430088387802244,"y":0.9975496530532837,"z":-0.06593405455350876,"w":0.023345082998275758},"size":0.2776671051979065,"orthographic":true}