{"cameraMode":{"drawMode":0,"name":"Shaded","section":"Shading Mode"},"sceneLighting":false,"audioPlay":false,"sceneViewState":{"showFog":true,"showMaterialUpdate":false,"showSkybox":false,"showFlares":true,"showImageEffects":true,"showParticleSystems":true},"in2DMode":false,"pivot":{"x":-0.5216741561889648,"y":3.8123555183410646,"z":-0.7749004364013672},"rotation":{"x":0.09957583993673325,"y":0.8176289200782776,"z":-0.14878325164318086,"w":0.547207236289978},"size":10.188833236694336,"orthographic":false}