{"cameraMode":{"drawMode":0,"name":"Shaded","section":"Shading Mode"},"sceneLighting":false,"audioPlay":false,"sceneViewState":{"showFog":true,"showMaterialUpdate":false,"showSkybox":false,"showFlares":true,"showImageEffects":true,"showParticleSystems":true},"in2DMode":false,"pivot":{"x":0.248046875,"y":0.181732177734375,"z":-1.1944580078125},"rotation":{"x":0.08058826625347138,"y":-0.7648583054542542,"z":0.0975830927491188,"w":0.6316463351249695},"size":0.9377666115760803,"orthographic":true}